Title,AGSL Call Number,Description,Language,Creator,Provider,Resource Class,Resource Type,Theme,Temporal Coverage,Date Issued,Index Year,Spatial Coverage,Member Of,Geometry,Bounding Box,Rights,Access Rights,Format,Information,Download,ID,Identifier,Column1,Modified,Metadata Version,Suppressed,Index Map,Github View
"OpenIndexMap: Map of Hispanic America 1:1,000,000","050-b A-1:1,000,000","This is a digital index map to serve as a finding aid for Map of Hispanic America 1:1,000,000. Also known as the Millionth Map of Hispanic America. Published by the American Geographical Society of New York.",eng,American Geographical Society of New York,American Geographical Society Library – UWM Libraries,Maps,Index Maps,,1922 to 1962,,1922|1924|1927|1928|1929|1930|1931|1932|1933|1934|1935|1936|1937|1938|1939|1940|1941|1942|1943|1945|1947|1948|1949|1950|1951|1952|1955|1956|1958|1959|1960|1962,,,"ENVELOPE(-118.416667,-30,33,-56)","ENVELOPE(-118.416667,-30,33,-56)","<a href=""https://uwm.edu/libraries/digital-collections/copyright-digcoll/"">Please see the UWM Libraries statement on Copyright and Digital Collections</a>.|Although this data is being distributed by the American Geographical Society Library at the University of Wisconsin-Milwaukee Libraries, no warranty expressed or implied is made by the University as to the accuracy of the data and related materials. The act of distribution shall not constitute any such warranty, and no responsibility is assumed by the University in the use of this data, or related materials.",Public,GeoJSON,https://geodiscovery.uwm.edu/catalog/050bA1000000,https://raw.githubusercontent.com/OpenIndexMaps/edu.uwm/main/050bA1000000.geojson,050bA1000000,050bA1000000.geojson,,2026-03-30T18:00:15Z,Aardvark,0,https://raw.githubusercontent.com/OpenIndexMaps/edu.uwm/main/050bA1000000.geojson,https://github.com/OpenIndexMaps/edu.uwm/blob/main/050bA1000000.geojson
"OpenIndexMap: World 1:500,000","050-b A-1:50,000 Series 1404","This is a digital index map to serve as a finding aid for AMS series 1404, World 1:500,000",eng,"London : D. Survey, War Office and Air Ministry",American Geographical Society Library – UWM Libraries,Maps,Index Maps,,1952 to 1987,,1952|1953|1954|1955|1956|1957|1958|1959|1960|1961|1962|1963|1964|1965|1966|1967|1968|1969|1970|1973|1974|1976|1983|1984|1985|1986|1987,,,"ENVELOPE(-10,60,72,8)","ENVELOPE(-10,60,72,8)","<a href=""https://uwm.edu/libraries/digital-collections/copyright-digcoll/"">Please see the UWM Libraries statement on Copyright and Digital Collections</a>.|Although this data is being distributed by the American Geographical Society Library at the University of Wisconsin-Milwaukee Libraries, no warranty expressed or implied is made by the University as to the accuracy of the data and related materials. The act of distribution shall not constitute any such warranty, and no responsibility is assumed by the University in the use of this data, or related materials.",Public,GeoJSON,https://geodiscovery.uwm.edu/catalog/050bA500000_Series1404,https://raw.githubusercontent.com/OpenIndexMaps/edu.uwm/main/050bA500000_Series1404.geojson,050bA500000_Series1404,050bA500000_Series1404.geojson,,2026-03-30T18:00:15Z,Aardvark,0,https://raw.githubusercontent.com/OpenIndexMaps/edu.uwm/main/050bA500000_Series1404.geojson,https://github.com/OpenIndexMaps/edu.uwm/blob/main/050bA500000_Series1404.geojson
"OpenIndexMap: Mapa topografico de Mexico 1:50,000","210-b A-1:50,000","This is a digital index map to serve as a finding aid for Mapa topografico de Mexico 1:50,000",spa,,American Geographical Society Library – UWM Libraries,Maps,Index Maps,,1970 to 2002,,1970|1971|1973|1974|1975|1976|1977|1978|1979|1980|1981|1982|1983|1984|1985|1986|1987|1988|2002,,,"ENVELOPE(-117.3333,-86.66666,32.75,14.5)","ENVELOPE(-117.3333,-86.66666,32.75,14.5)","<a href=""https://uwm.edu/libraries/digital-collections/copyright-digcoll/"">Please see the UWM Libraries statement on Copyright and Digital Collections</a>.|Although this data is being distributed by the American Geographical Society Library at the University of Wisconsin-Milwaukee Libraries, no warranty expressed or implied is made by the University as to the accuracy of the data and related materials. The act of distribution shall not constitute any such warranty, and no responsibility is assumed by the University in the use of this data, or related materials.",Public,GeoJSON,https://geodiscovery.uwm.edu/catalog/210bA50000,https://raw.githubusercontent.com/OpenIndexMaps/edu.uwm/main/210bA50000.geojson,210bA50000,210bA50000.geojson,,2026-03-30T18:00:15Z,Aardvark,0,https://raw.githubusercontent.com/OpenIndexMaps/edu.uwm/main/210bA50000.geojson,https://github.com/OpenIndexMaps/edu.uwm/blob/main/210bA50000.geojson
"OpenIndexMap: Military Map of Cuba 1:65,200",233-b A-1:65200a,"This is a digital index map to serve as a finding aid for the Military Map of Cuba, 1:65,200",eng,United States. Army of Cuban Pacification,American Geographical Society Library – UWM Libraries,Maps,Index Maps,,1913,,1913,,,"ENVELOPE(-85,-74,23.5,19.5)","ENVELOPE(-85,-74,23.5,19.5)","<a href=""https://uwm.edu/libraries/digital-collections/copyright-digcoll/"">Please see the UWM Libraries statement on Copyright and Digital Collections</a>.|Although this data is being distributed by the American Geographical Society Library at the University of Wisconsin-Milwaukee Libraries, no warranty expressed or implied is made by the University as to the accuracy of the data and related materials. The act of distribution shall not constitute any such warranty, and no responsibility is assumed by the University in the use of this data, or related materials.",Public,GeoJSON,https://geodiscovery.uwm.edu/catalog/233bA62500a,https://raw.githubusercontent.com/OpenIndexMaps/edu.uwm/main/233bA62500a.geojson,233bA62500a,233bA62500a.geojson,,2026-03-30T18:00:15Z,Aardvark,0,https://raw.githubusercontent.com/OpenIndexMaps/edu.uwm/main/233bA62500a.geojson,https://github.com/OpenIndexMaps/edu.uwm/blob/main/233bA62500a.geojson
"OpenIndexMap: Africa 1:2,000,000","300-b A-1:2,000,000","This is a digital index map to serve as a finding aid for Africa 1:2,000,000 / reproduced under the direction of the Chief of Engineers by the Army Map Service, U.S. Army, Washington, D.C.  Based on British and French maps.",eng,United States. Army Map Service.,American Geographical Society Library – UWM Libraries,Maps,Index Maps,,1886 to 1903,,1886|1891|1892|1893|1894|1895|1896|1897|1898|1899|1900|1901|1902|1903,,,"ENVELOPE(-26.662771,56.662771,43.216667,-36)","ENVELOPE(-26.662771,56.662771,43.216667,-36)","<a href=""https://uwm.edu/libraries/digital-collections/copyright-digcoll/"">Please see the UWM Libraries statement on Copyright and Digital Collections</a>.|Although this data is being distributed by the American Geographical Society Library at the University of Wisconsin-Milwaukee Libraries, no warranty expressed or implied is made by the University as to the accuracy of the data and related materials. The act of distribution shall not constitute any such warranty, and no responsibility is assumed by the University in the use of this data, or related materials.",Public,GeoJSON,https://geodiscovery.uwm.edu/catalog/300bA2000000,https://raw.githubusercontent.com/OpenIndexMaps/edu.uwm/main/300bA2000000.geojson,300bA2000000,300bA2000000.geojson,,2026-03-30T18:00:15Z,Aardvark,0,https://raw.githubusercontent.com/OpenIndexMaps/edu.uwm/main/300bA2000000.geojson,https://github.com/OpenIndexMaps/edu.uwm/blob/main/300bA2000000.geojson
"OpenIndexMap: Republic of South Africa Geological Series 1:250,000","370-b G-1:250,000","This is a digital index map to serve as a finding aid for Republic of South Africa Geological Series 1:250,000",afr|eng,South Africa. Geological Survey.,American Geographical Society Library – UWM Libraries,Maps,Index Maps,,1986 to 1991,,1986|1989|1991,,,"ENVELOPE(13,33,-20,-35.5)","ENVELOPE(13,33,-20,-35.5)","<a href=""https://uwm.edu/libraries/digital-collections/copyright-digcoll/"">Please see the UWM Libraries statement on Copyright and Digital Collections</a>.|Although this data is being distributed by the American Geographical Society Library at the University of Wisconsin-Milwaukee Libraries, no warranty expressed or implied is made by the University as to the accuracy of the data and related materials. The act of distribution shall not constitute any such warranty, and no responsibility is assumed by the University in the use of this data, or related materials.",Public,GeoJSON,https://geodiscovery.uwm.edu/catalog/370bG250000,https://raw.githubusercontent.com/OpenIndexMaps/edu.uwm/main/370bG250000.geojson,370bG250000,370bG250000.geojson,,2026-03-30T18:00:15Z,Aardvark,0,https://raw.githubusercontent.com/OpenIndexMaps/edu.uwm/main/370bG250000.geojson,https://github.com/OpenIndexMaps/edu.uwm/blob/main/370bG250000.geojson
"OpenIndexMap: Republic of South Africa Geological Series 1:50,000","370-b G-1:50,000","This is a digital index map to serve as a finding aid for Republic of South Africa Geological Series 1:50,000",afr|eng,South Africa. Geological Survey.,American Geographical Society Library – UWM Libraries,Maps,Index Maps,,1937,,1937,,,"ENVELOPE(17.25,32.5,-22.5,-34.36667)","ENVELOPE(17.25,32.5,-22.5,-34.36667)","<a href=""https://uwm.edu/libraries/digital-collections/copyright-digcoll/"">Please see the UWM Libraries statement on Copyright and Digital Collections</a>.|Although this data is being distributed by the American Geographical Society Library at the University of Wisconsin-Milwaukee Libraries, no warranty expressed or implied is made by the University as to the accuracy of the data and related materials. The act of distribution shall not constitute any such warranty, and no responsibility is assumed by the University in the use of this data, or related materials.",Public,GeoJSON,https://geodiscovery.uwm.edu/catalog/370bG50000,https://raw.githubusercontent.com/OpenIndexMaps/edu.uwm/main/370bG50000.geojson,370bG50000,370bG50000.geojson,,2026-03-30T18:00:15Z,Aardvark,0,https://raw.githubusercontent.com/OpenIndexMaps/edu.uwm/main/370bG50000.geojson,https://github.com/OpenIndexMaps/edu.uwm/blob/main/370bG50000.geojson
"OpenIndexMap: Israel 1:100,000","413.2-b A-1:100,000","This is a digital index map to serve as a finding aid for the Survey of Israel series 1:100,000",heb|eng,Survey of Israel,American Geographical Society Library – UWM Libraries,Maps,Index Maps,,1967 to 2000,,1967|1968|1969|1970|1974|1975|1976|1977|1999|2000,,,"ENVELOPE(34.05167,35.96167,33.38334,29.32583)","ENVELOPE(34.05167,35.96167,33.38334,29.32583)","<a href=""https://uwm.edu/libraries/digital-collections/copyright-digcoll/"">Please see the UWM Libraries statement on Copyright and Digital Collections</a>.|Although this data is being distributed by the American Geographical Society Library at the University of Wisconsin-Milwaukee Libraries, no warranty expressed or implied is made by the University as to the accuracy of the data and related materials. The act of distribution shall not constitute any such warranty, and no responsibility is assumed by the University in the use of this data, or related materials.",Public,GeoJSON,https://geodiscovery.uwm.edu/catalog/413_2bA100000,https://raw.githubusercontent.com/OpenIndexMaps/edu.uwm/main/413_2bA100000.geojson,413_2bA100000,413_2bA100000.geojson,,2026-03-30T18:00:15Z,Aardvark,0,https://raw.githubusercontent.com/OpenIndexMaps/edu.uwm/main/413_2bA100000.geojson,https://github.com/OpenIndexMaps/edu.uwm/blob/main/413_2bA100000.geojson
"OpenIndexMap: Xinjiang and Gansu 1:250,000","460-c/b A-1:250,000","This is a digital index map to serve as a finding aid for  Xinjiang and Gansu 1:250,000",jpn,Japan. Imperial Land Survey Rikuchi Sokuryobu,American Geographical Society Library – UWM Libraries,Maps,Index Maps,,1943,,1943,,,"ENVELOPE(74,104,44,34)","ENVELOPE(74,104,44,34)","<a href=""https://uwm.edu/libraries/digital-collections/copyright-digcoll/"">Please see the UWM Libraries statement on Copyright and Digital Collections</a>.|Although this data is being distributed by the American Geographical Society Library at the University of Wisconsin-Milwaukee Libraries, no warranty expressed or implied is made by the University as to the accuracy of the data and related materials. The act of distribution shall not constitute any such warranty, and no responsibility is assumed by the University in the use of this data, or related materials.",Public,GeoJSON,https://geodiscovery.uwm.edu/catalog/460cbA250000,https://raw.githubusercontent.com/OpenIndexMaps/edu.uwm/main/460cbA250000.geojson,460cbA250000,460cbA250000.geojson,,2026-03-30T18:00:15Z,Aardvark,0,https://raw.githubusercontent.com/OpenIndexMaps/edu.uwm/main/460cbA250000.geojson,https://github.com/OpenIndexMaps/edu.uwm/blob/main/460cbA250000.geojson
"OpenIndexMap: Seventh Series of One Inch Maps Ordnance Survey of Great Britain 1:63,360","621-b A-63,360","This is a digital index map to serve as a finding aid for the Seventh Series of One Inch Maps Ordnance Survey of Great Britain 1:63,360",eng,Ordnance Survey of Great Brittian,American Geographical Society Library – UWM Libraries,Maps,Index Maps,,1940 to 1965,,1940|1945|1946|1947|1951|1952|1953|1954|1955|1956|1957|1958|1959|1960|1961|1962|1963|1965,,,"ENVELOPE(-8.666667,1.8,60.86667,49.85)","ENVELOPE(-8.666667,1.8,60.86667,49.85)","<a href=""https://uwm.edu/libraries/digital-collections/copyright-digcoll/"">Please see the UWM Libraries statement on Copyright and Digital Collections</a>.|Although this data is being distributed by the American Geographical Society Library at the University of Wisconsin-Milwaukee Libraries, no warranty expressed or implied is made by the University as to the accuracy of the data and related materials. The act of distribution shall not constitute any such warranty, and no responsibility is assumed by the University in the use of this data, or related materials.",Public,GeoJSON,https://geodiscovery.uwm.edu/catalog/621bA63360,https://raw.githubusercontent.com/OpenIndexMaps/edu.uwm/main/621bA63360.geojson,621bA63360,621bA63360.geojson,,2026-03-30T18:00:15Z,Aardvark,0,https://raw.githubusercontent.com/OpenIndexMaps/edu.uwm/main/621bA63360.geojson,https://github.com/OpenIndexMaps/edu.uwm/blob/main/621bA63360.geojson
"OpenIndexMap: British Isles: Ireland 1:25,000 (incomplete)",625-b A-1:25000 S30,"This is a digital index map to serve as a finding aid for British Isles: Ireland 1:25,000. This military map series at 1:25,000 was begun in the 1930s, but at the outbreak of War in 1939. AGSL Holds more maps than are listed in this file so this file should be considered incomplete.",eng,Ordnance Survey of Great Brittian,American Geographical Society Library – UWM Libraries,Maps,Index Maps,,1943,,1943,,,"ENVELOPE(-10.65,-9.783334,54.4,51.33333)","ENVELOPE(-10.65,-9.783334,54.4,51.33333)","<a href=""https://uwm.edu/libraries/digital-collections/copyright-digcoll/"">Please see the UWM Libraries statement on Copyright and Digital Collections</a>.|Although this data is being distributed by the American Geographical Society Library at the University of Wisconsin-Milwaukee Libraries, no warranty expressed or implied is made by the University as to the accuracy of the data and related materials. The act of distribution shall not constitute any such warranty, and no responsibility is assumed by the University in the use of this data, or related materials.",Public,GeoJSON,https://geodiscovery.uwm.edu/catalog/625ba25000_S30,https://raw.githubusercontent.com/OpenIndexMaps/edu.uwm/main/625ba25000_S30.geojson,625ba25000_S30,625ba25000_S30.geojson,,2026-03-30T18:00:15Z,Aardvark,0,https://raw.githubusercontent.com/OpenIndexMaps/edu.uwm/main/625ba25000_S30.geojson,https://github.com/OpenIndexMaps/edu.uwm/blob/main/625ba25000_S30.geojson
"OpenIndexMap: Ordnance Survey of Ireland - Discovery Series 1:50,000","625-b A-1:50,000","This is a digital index map to serve as a finding aid for the Ordnance Survey of Ireland - Discovery Series 1:50,000",eng,Ordnance Survey of Ireland,American Geographical Society Library – UWM Libraries,Maps,Index Maps,,2002 to 2007,,2002|2003|2004|2005|2006|2007,,,"ENVELOPE(-10.62083,-5.395834,55.38334,51.37917)","ENVELOPE(-10.62083,-5.395834,55.38334,51.37917)","<a href=""https://uwm.edu/libraries/digital-collections/copyright-digcoll/"">Please see the UWM Libraries statement on Copyright and Digital Collections</a>.|Although this data is being distributed by the American Geographical Society Library at the University of Wisconsin-Milwaukee Libraries, no warranty expressed or implied is made by the University as to the accuracy of the data and related materials. The act of distribution shall not constitute any such warranty, and no responsibility is assumed by the University in the use of this data, or related materials.",Public,GeoJSON,https://geodiscovery.uwm.edu/catalog/625bA50000,https://raw.githubusercontent.com/OpenIndexMaps/edu.uwm/main/625bA50000.geojson,625bA50000,625bA50000.geojson,,2026-03-30T18:00:15Z,Aardvark,0,https://raw.githubusercontent.com/OpenIndexMaps/edu.uwm/main/625bA50000.geojson,https://github.com/OpenIndexMaps/edu.uwm/blob/main/625bA50000.geojson
"OpenIndexMap: Ordnance Survey of Ireland 1:63,360","625-b A-1:63,360","This is a digital index map to serve as a finding aid for the Ordnance Survey of Ireland 1:63,360",eng,Ordnance Survey of Ireland,American Geographical Society Library – UWM Libraries,Maps,Index Maps,,1899 to 1952,,1899|1900|1901|1902|1903|1904|1905|1906|1907|1945|1952,,,"ENVELOPE(-10.66667,-5.4,55.51667,51.31667)","ENVELOPE(-10.66667,-5.4,55.51667,51.31667)","<a href=""https://uwm.edu/libraries/digital-collections/copyright-digcoll/"">Please see the UWM Libraries statement on Copyright and Digital Collections</a>.|Although this data is being distributed by the American Geographical Society Library at the University of Wisconsin-Milwaukee Libraries, no warranty expressed or implied is made by the University as to the accuracy of the data and related materials. The act of distribution shall not constitute any such warranty, and no responsibility is assumed by the University in the use of this data, or related materials.",Public,GeoJSON,https://geodiscovery.uwm.edu/catalog/625bA63360,https://raw.githubusercontent.com/OpenIndexMaps/edu.uwm/main/625bA63360.geojson,625bA63360,625bA63360.geojson,,2026-03-30T18:00:15Z,Aardvark,0,https://raw.githubusercontent.com/OpenIndexMaps/edu.uwm/main/625bA63360.geojson,https://github.com/OpenIndexMaps/edu.uwm/blob/main/625bA63360.geojson
"OpenIndexMap: Carte geologique de la France 1:250,000 (BRGM)","630-b A-1:250,000 BRGM","This is a digital index map to serve as a finding aid for Carte geologique de la France 1:250,000 (BRGM)",fra,France. Service geologique national,American Geographical Society Library – UWM Libraries,Maps,Index Maps,,1968 to 1989,,1968|1973|1974|1976|1977|1978|1979|1980|1981|1982|1983|1984|1985|1986|1987|1988|1989,,,"ENVELOPE(-5.150556,9.7175,51.12,41.22)","ENVELOPE(-5.150556,9.7175,51.12,41.22)","<a href=""https://uwm.edu/libraries/digital-collections/copyright-digcoll/"">Please see the UWM Libraries statement on Copyright and Digital Collections</a>.|Although this data is being distributed by the American Geographical Society Library at the University of Wisconsin-Milwaukee Libraries, no warranty expressed or implied is made by the University as to the accuracy of the data and related materials. The act of distribution shall not constitute any such warranty, and no responsibility is assumed by the University in the use of this data, or related materials.",Public,GeoJSON,https://geodiscovery.uwm.edu/catalog/630bG250000_BRGM,https://raw.githubusercontent.com/OpenIndexMaps/edu.uwm/main/630bA50000_Orange.geojson,630bG250000_BRGM,630bG250000_BRGM.geojson,,2026-03-30T18:00:15Z,Aardvark,0,https://raw.githubusercontent.com/OpenIndexMaps/edu.uwm/main/630bA50000_Orange.geojson,https://github.com/OpenIndexMaps/edu.uwm/blob/main/630bA50000_Orange.geojson
"OpenIndexMap: Carte geologique des Pyrenees 1:25,000 (Pyrenees)","630-b A-1:250,000 Pyrenees","This is a digital index map to serve as a finding aid for Carte geologique des Pyrenees 1:25,000",fra,Societe Nationale des Petroles dAquitaine (SNPA),American Geographical Society Library – UWM Libraries,Maps,Index Maps,,1979 to 1989,,1979|1980|1983|1987|1989,,,"ENVELOPE(0,10,50,41.16667)","ENVELOPE(0,10,50,41.16667)","<a href=""https://uwm.edu/libraries/digital-collections/copyright-digcoll/"">Please see the UWM Libraries statement on Copyright and Digital Collections</a>.|Although this data is being distributed by the American Geographical Society Library at the University of Wisconsin-Milwaukee Libraries, no warranty expressed or implied is made by the University as to the accuracy of the data and related materials. The act of distribution shall not constitute any such warranty, and no responsibility is assumed by the University in the use of this data, or related materials.",Public,GeoJSON,https://geodiscovery.uwm.edu/catalog/630bG250000_PYRENEES,https://raw.githubusercontent.com/OpenIndexMaps/edu.uwm/main/630bG250000_BRGM.geojson,630bG250000_PYRENEES,ark:/77981/gmgs0c4sj6k,,2026-03-30T18:00:15Z,Aardvark,0,https://raw.githubusercontent.com/OpenIndexMaps/edu.uwm/main/630bG250000_BRGM.geojson,https://github.com/OpenIndexMaps/edu.uwm/blob/main/630bG250000_BRGM.geojson
"OpenIndexMap: France Carte topographique 1:50,000 (Orange Series)","630-b A-1:50,000 Orange","This is a digital index map to serve as a finding aid for France Carte topographique 1:50,000",fra,Institut geographique national (France),American Geographical Society Library – UWM Libraries,Maps,Index Maps,,1972,,1972,,,"ENVELOPE(-2,2,44,41.83333)","ENVELOPE(-2,2,44,41.83333)","<a href=""https://uwm.edu/libraries/digital-collections/copyright-digcoll/"">Please see the UWM Libraries statement on Copyright and Digital Collections</a>.|Although this data is being distributed by the American Geographical Society Library at the University of Wisconsin-Milwaukee Libraries, no warranty expressed or implied is made by the University as to the accuracy of the data and related materials. The act of distribution shall not constitute any such warranty, and no responsibility is assumed by the University in the use of this data, or related materials.",Public,GeoJSON,https://geodiscovery.uwm.edu/catalog/630bA50000_Orange,https://raw.githubusercontent.com/OpenIndexMaps/edu.uwm/main/630bG250000_PYRENEES.geojson,630bA50000_Orange,630bA50000_Orange.geojson,,2026-03-30T18:00:15Z,Aardvark,0,https://raw.githubusercontent.com/OpenIndexMaps/edu.uwm/main/630bG250000_PYRENEES.geojson,https://github.com/OpenIndexMaps/edu.uwm/blob/main/630bG250000_PYRENEES.geojson
"OpenIndexMap: Carte de la Belgique Type Rapide 1:50,000","633-b A-1:50,000 R","This is a digital index map to serve as a finding aid for Carte de la Belgique Type Rapide 1:50,000",fra,Belgian National Geographic Institute (NGI),American Geographical Society Library – UWM Libraries,Maps,Index Maps,,1952 to 1965,,1952|1953|1954|1960|1961|1962|1963|1964|1965,,,"ENVELOPE(2.25,6.796389,51.63361,49.46)","ENVELOPE(2.25,6.796389,51.63361,49.46)","<a href=""https://uwm.edu/libraries/digital-collections/copyright-digcoll/"">Please see the UWM Libraries statement on Copyright and Digital Collections</a>.|Although this data is being distributed by the American Geographical Society Library at the University of Wisconsin-Milwaukee Libraries, no warranty expressed or implied is made by the University as to the accuracy of the data and related materials. The act of distribution shall not constitute any such warranty, and no responsibility is assumed by the University in the use of this data, or related materials.",Public,GeoJSON,https://geodiscovery.uwm.edu/catalog/633bA50000_R,https://raw.githubusercontent.com/OpenIndexMaps/edu.uwm/main/633bA50000_R.geojson,633bA50000_R,633bA50000_R.geojson,,2026-03-30T18:00:15Z,Aardvark,0,https://raw.githubusercontent.com/OpenIndexMaps/edu.uwm/main/633bA50000_R.geojson,https://github.com/OpenIndexMaps/edu.uwm/blob/main/633bA50000_R.geojson
"OpenIndexMap: Landeskarte der Schweiz 1:50,000","638-b A-1:100,000","This is a digital index map to serve as a finding aid for Landeskarte der Schweiz 1:50,000",ger|fra,Switzerland. Federal Office of Topography,American Geographical Society Library – UWM Libraries,Maps,Index Maps,,1938 to 1988,,1938|1939|1941|1988,,,"ENVELOPE(5.85,10.91667,47.86667,45.68333)","ENVELOPE(5.85,10.91667,47.86667,45.68333)","<a href=""https://uwm.edu/libraries/digital-collections/copyright-digcoll/"">Please see the UWM Libraries statement on Copyright and Digital Collections</a>.|Although this data is being distributed by the American Geographical Society Library at the University of Wisconsin-Milwaukee Libraries, no warranty expressed or implied is made by the University as to the accuracy of the data and related materials. The act of distribution shall not constitute any such warranty, and no responsibility is assumed by the University in the use of this data, or related materials.",Public,GeoJSON,https://geodiscovery.uwm.edu/catalog/638ba50000,https://raw.githubusercontent.com/OpenIndexMaps/edu.uwm/main/638ba50000.geojson,638ba50000,638ba50000.geojson,,2026-03-30T18:00:15Z,Aardvark,0,https://raw.githubusercontent.com/OpenIndexMaps/edu.uwm/main/638ba50000.geojson,https://github.com/OpenIndexMaps/edu.uwm/blob/main/638ba50000.geojson
"OpenIndexMap: Karte des Deutschen Reiches 1:100,000","640-b A-1:100,000","This is a digital index map to serve as a finding aid for Karte des Deutschen Reiches 1:100,000",ger,Reich Office for National Survey,American Geographical Society Library – UWM Libraries,Maps,Index Maps,,1820 to 1953,,1820|1872|1875|1876|1877|1878|1879|1880|1881|1882|1883|1884|1885|1886|1887|1888|1889|1890|1891|1892|1893|1894|1895|1896|1897|1898|1899|1900|1901|1902|1903|1904|1905|1906|1907|1908|1909|1910|1911|1912|1913|1914|1915|1916|1918|1919|1920|1921|1922|1927|1928|1930|1931|1936|1938|1939|1940|1941|1944|1949|1950|1951|1952|1953,,,"ENVELOPE(5.8,26.33333,56,47.25)","ENVELOPE(5.8,26.33333,56,47.25)","<a href=""https://uwm.edu/libraries/digital-collections/copyright-digcoll/"">Please see the UWM Libraries statement on Copyright and Digital Collections</a>.|Although this data is being distributed by the American Geographical Society Library at the University of Wisconsin-Milwaukee Libraries, no warranty expressed or implied is made by the University as to the accuracy of the data and related materials. The act of distribution shall not constitute any such warranty, and no responsibility is assumed by the University in the use of this data, or related materials.",Public,GeoJSON,https://geodiscovery.uwm.edu/catalog/640bA100000,https://raw.githubusercontent.com/OpenIndexMaps/edu.uwm/main/640bA100000.geojson,640bA100000,640bA100000.geojson,,2026-03-30T18:00:15Z,Aardvark,0,https://raw.githubusercontent.com/OpenIndexMaps/edu.uwm/main/640bA100000.geojson,https://github.com/OpenIndexMaps/edu.uwm/blob/main/640bA100000.geojson
"OpenIndexMap: Topographische Karte 1:25,000","640-b A-1:25,000","This is a digital index map to serve as a finding aid for Topographische Karte 1:25,000",ger,Germany. Imperial Office for National Survey,American Geographical Society Library – UWM Libraries,Maps,Index Maps,,1829 to 1980,,1829|1874|1876|1877|1878|1879|1880|1881|1882|1883|1884|1885|1886|1887|1888|1889|1890|1891|1892|1893|1894|1895|1896|1897|1898|1899|1900|1901|1902|1903|1904|1905|1906|1907|1908|1909|1910|1911|1912|1913|1914|1915|1916|1917|1918|1919|1920|1921|1922|1923|1924|1925|1926|1927|1928|1929|1930|1931|1932|1933|1934|1935|1936|1937|1938|1939|1940|1941|1942|1943|1944|1945|1954|1956|1980,,,"ENVELOPE(5.666667,24,55.9,47.4)","ENVELOPE(5.666667,24,55.9,47.4)","<a href=""https://uwm.edu/libraries/digital-collections/copyright-digcoll/"">Please see the UWM Libraries statement on Copyright and Digital Collections</a>.|Although this data is being distributed by the American Geographical Society Library at the University of Wisconsin-Milwaukee Libraries, no warranty expressed or implied is made by the University as to the accuracy of the data and related materials. The act of distribution shall not constitute any such warranty, and no responsibility is assumed by the University in the use of this data, or related materials.",Public,GeoJSON,https://geodiscovery.uwm.edu/catalog/640bA25000,https://raw.githubusercontent.com/OpenIndexMaps/edu.uwm/main/640bA25000.geojson,640bA25000,640bA25000.geojson,,2026-03-30T18:00:15Z,Aardvark,0,https://raw.githubusercontent.com/OpenIndexMaps/edu.uwm/main/640bA25000.geojson,https://github.com/OpenIndexMaps/edu.uwm/blob/main/640bA25000.geojson
"OpenIndexMap: Spezialkarte der oesterreichisch-ungarischen Monarchie 1:75,000","641-b A-1:75,000","This is a digital index map to serve as a finding aid for Spezialkarte der oesterreichisch-ungarischen Monarchie 1:75,000",ger,Austro-Hungarian Monarchy. Militargeographisches Institut.,American Geographical Society Library – UWM Libraries,Maps,Index Maps,,1894 to 1944,,1894|1901|1903|1904|1905|1906|1907|1908|1909|1910|1911|1912|1913|1914|1915|1916|1917|1918|1921|1923|1926|1936|1937|1938|1939|1940|1941|1943|1944,,,"ENVELOPE(9.333333,26.83333,51.25,42)","ENVELOPE(9.333333,26.83333,51.25,42)","<a href=""https://uwm.edu/libraries/digital-collections/copyright-digcoll/"">Please see the UWM Libraries statement on Copyright and Digital Collections</a>.|Although this data is being distributed by the American Geographical Society Library at the University of Wisconsin-Milwaukee Libraries, no warranty expressed or implied is made by the University as to the accuracy of the data and related materials. The act of distribution shall not constitute any such warranty, and no responsibility is assumed by the University in the use of this data, or related materials.",Public,GeoJSON,https://geodiscovery.uwm.edu/catalog/641bA75000,https://raw.githubusercontent.com/OpenIndexMaps/edu.uwm/main/641bA75000.geojson,641bA75000,641bA75000.geojson,,2026-03-30T18:00:15Z,Aardvark,0,https://raw.githubusercontent.com/OpenIndexMaps/edu.uwm/main/641bA75000.geojson,https://github.com/OpenIndexMaps/edu.uwm/blob/main/641bA75000.geojson
"OpenIndexMap: Hungary 1:75,000 (German)","642-b A-1:75,000","This is a digital index map to serve as a finding aid for Hungary 1:75,000 (German)",ger,,American Geographical Society Library – UWM Libraries,Maps,Index Maps,,1936 to 1944,,1936|1938|1940|1944,,,"ENVELOPE(16.33333,24.83333,49.25,45.5)","ENVELOPE(16.33333,24.83333,49.25,45.5)","<a href=""https://uwm.edu/libraries/digital-collections/copyright-digcoll/"">Please see the UWM Libraries statement on Copyright and Digital Collections</a>.|Although this data is being distributed by the American Geographical Society Library at the University of Wisconsin-Milwaukee Libraries, no warranty expressed or implied is made by the University as to the accuracy of the data and related materials. The act of distribution shall not constitute any such warranty, and no responsibility is assumed by the University in the use of this data, or related materials.",Public,GeoJSON,https://geodiscovery.uwm.edu/catalog/642ba75000,https://raw.githubusercontent.com/OpenIndexMaps/edu.uwm/main/642ba75000.geojson,642ba75000,642ba75000.geojson,,2026-03-30T18:00:15Z,Aardvark,0,https://raw.githubusercontent.com/OpenIndexMaps/edu.uwm/main/642ba75000.geojson,https://github.com/OpenIndexMaps/edu.uwm/blob/main/642ba75000.geojson
"OpenIndexMap: Hungary 1:75,000 (Hungarian)","642-b A-1:75,000b","This is a digital index map to serve as a finding aid for Hungary 1:75,000 (Hungarian)",hun,,American Geographical Society Library – UWM Libraries,Maps,Index Maps,,1927,,1927,,,"ENVELOPE(15.83333,23.33333,48.75,45.5)","ENVELOPE(15.83333,23.33333,48.75,45.5)","<a href=""https://uwm.edu/libraries/digital-collections/copyright-digcoll/"">Please see the UWM Libraries statement on Copyright and Digital Collections</a>.|Although this data is being distributed by the American Geographical Society Library at the University of Wisconsin-Milwaukee Libraries, no warranty expressed or implied is made by the University as to the accuracy of the data and related materials. The act of distribution shall not constitute any such warranty, and no responsibility is assumed by the University in the use of this data, or related materials.",Public,GeoJSON,https://geodiscovery.uwm.edu/catalog/642ba75000b,https://raw.githubusercontent.com/OpenIndexMaps/edu.uwm/main/642ba75000b.geojson,642ba75000b,642ba75000b.geojson,,2026-03-30T18:00:15Z,Aardvark,0,https://raw.githubusercontent.com/OpenIndexMaps/edu.uwm/main/642ba75000b.geojson,https://github.com/OpenIndexMaps/edu.uwm/blob/main/642ba75000b.geojson
"OpenIndexMap: Mapa topograficzna Polska 1:100,000","644-b A-1:100,000","This is a digital index map to serve as a finding aid for Mapa topograficzna Polska 1:100,000",pol,Wojskowy Instytut Geograficzny,American Geographical Society Library – UWM Libraries,Maps,Index Maps,,1911 to 1939,,1911|1912|1913|1914|1915|1916|1917|1922|1923|1924|1925|1926|1927|1928|1929|1930|1931|1932|1933|1934|1935|1936|1937|1938|1939,,,"ENVELOPE(14.33333,28.83333,56,47.71667)","ENVELOPE(14.33333,28.83333,56,47.71667)","<a href=""https://uwm.edu/libraries/digital-collections/copyright-digcoll/"">Please see the UWM Libraries statement on Copyright and Digital Collections</a>.|Although this data is being distributed by the American Geographical Society Library at the University of Wisconsin-Milwaukee Libraries, no warranty expressed or implied is made by the University as to the accuracy of the data and related materials. The act of distribution shall not constitute any such warranty, and no responsibility is assumed by the University in the use of this data, or related materials.",Public,GeoJSON,https://geodiscovery.uwm.edu/catalog/644bA100000,https://raw.githubusercontent.com/OpenIndexMaps/edu.uwm/main/644bA100000.geojson,644bA100000,644bA100000.geojson,,2026-03-30T18:00:15Z,Aardvark,0,https://raw.githubusercontent.com/OpenIndexMaps/edu.uwm/main/644bA100000.geojson,https://github.com/OpenIndexMaps/edu.uwm/blob/main/644bA100000.geojson
"OpenIndexMap: Poland 1:25,000 (Polish)","644-b A-1:25,000","This is a digital index map to serve as a finding aid for Poland 1:25,000 (Polish)",pol,Wojskowy Instytut Geograficzny,American Geographical Society Library – UWM Libraries,Maps,Index Maps,,1930,,1930,,,"ENVELOPE(15.83333,27.66667,55.75,49.25)","ENVELOPE(15.83333,27.66667,55.75,49.25)","<a href=""https://uwm.edu/libraries/digital-collections/copyright-digcoll/"">Please see the UWM Libraries statement on Copyright and Digital Collections</a>.|Although this data is being distributed by the American Geographical Society Library at the University of Wisconsin-Milwaukee Libraries, no warranty expressed or implied is made by the University as to the accuracy of the data and related materials. The act of distribution shall not constitute any such warranty, and no responsibility is assumed by the University in the use of this data, or related materials.",Public,GeoJSON,https://geodiscovery.uwm.edu/catalog/644bA25000,https://raw.githubusercontent.com/OpenIndexMaps/edu.uwm/main/644bA25000.geojson,644bA25000,644bA25000.geojson,,2026-03-30T18:00:15Z,Aardvark,0,https://raw.githubusercontent.com/OpenIndexMaps/edu.uwm/main/644bA25000.geojson,https://github.com/OpenIndexMaps/edu.uwm/blob/main/644bA25000.geojson
"OpenIndexMap: Poland 1:25,000 (German)","644-b A-1:25,000b","This is a digital index map to serve as a finding aid for Poland 1:25,000 (German)",ger,,American Geographical Society Library – UWM Libraries,Maps,Index Maps,,1941,,1941,,,"ENVELOPE(18.33333,21.33333,54.75,49.16667)","ENVELOPE(18.33333,21.33333,54.75,49.16667)","<a href=""https://uwm.edu/libraries/digital-collections/copyright-digcoll/"">Please see the UWM Libraries statement on Copyright and Digital Collections</a>.|Although this data is being distributed by the American Geographical Society Library at the University of Wisconsin-Milwaukee Libraries, no warranty expressed or implied is made by the University as to the accuracy of the data and related materials. The act of distribution shall not constitute any such warranty, and no responsibility is assumed by the University in the use of this data, or related materials.",Public,GeoJSON,https://geodiscovery.uwm.edu/catalog/644bA25000b,https://raw.githubusercontent.com/OpenIndexMaps/edu.uwm/main/644bA25000b.geojson,644bA25000b,644bA25000b.geojson,,2026-03-30T18:00:15Z,Aardvark,0,https://raw.githubusercontent.com/OpenIndexMaps/edu.uwm/main/644bA25000b.geojson,https://github.com/OpenIndexMaps/edu.uwm/blob/main/644bA25000b.geojson
"OpenIndexMap: Karte der Tschechoslowakei 1:75,000","646-b A-1:75,000","This is a digital index map to serve as a finding aid for Karte der Tschechoslowakei 1:75,000",ger,Germany. Army. Department for War Mapping and Surveying,American Geographical Society Library – UWM Libraries,Maps,Index Maps,,1925 to 1938,,1925|1927|1928|1929|1930|1932|1933|1934|1935|1936|1937|1938,,,"ENVELOPE(11.83333,24.83333,51.25,47.5)","ENVELOPE(11.83333,24.83333,51.25,47.5)","<a href=""https://uwm.edu/libraries/digital-collections/copyright-digcoll/"">Please see the UWM Libraries statement on Copyright and Digital Collections</a>.|Although this data is being distributed by the American Geographical Society Library at the University of Wisconsin-Milwaukee Libraries, no warranty expressed or implied is made by the University as to the accuracy of the data and related materials. The act of distribution shall not constitute any such warranty, and no responsibility is assumed by the University in the use of this data, or related materials.",Public,GeoJSON,https://geodiscovery.uwm.edu/catalog/646bA75000,https://raw.githubusercontent.com/OpenIndexMaps/edu.uwm/main/646bA75000.geojson,646bA75000,646bA75000.geojson,,2026-03-30T18:00:15Z,Aardvark,0,https://raw.githubusercontent.com/OpenIndexMaps/edu.uwm/main/646bA75000.geojson,https://github.com/OpenIndexMaps/edu.uwm/blob/main/646bA75000.geojson
"OpenIndexMap: Czechoslovakia 1:75,000 (German)","646-b A-1:75,000b","This is a digital index map to serve as a finding aid for Czechoslovakia 1:75,000 (German)",ger,,American Geographical Society Library – UWM Libraries,Maps,Index Maps,,1938,,1938,,,"ENVELOPE(12.33333,24.33333,51,48)","ENVELOPE(12.33333,24.33333,51,48)","<a href=""https://uwm.edu/libraries/digital-collections/copyright-digcoll/"">Please see the UWM Libraries statement on Copyright and Digital Collections</a>.|Although this data is being distributed by the American Geographical Society Library at the University of Wisconsin-Milwaukee Libraries, no warranty expressed or implied is made by the University as to the accuracy of the data and related materials. The act of distribution shall not constitute any such warranty, and no responsibility is assumed by the University in the use of this data, or related materials.",Public,GeoJSON,https://geodiscovery.uwm.edu/catalog/646bA75000b,https://raw.githubusercontent.com/OpenIndexMaps/edu.uwm/main/646bA75000b.geojson,646bA75000b,646bA75000b.geojson,,2026-03-30T18:00:15Z,Aardvark,0,https://raw.githubusercontent.com/OpenIndexMaps/edu.uwm/main/646bA75000b.geojson,https://github.com/OpenIndexMaps/edu.uwm/blob/main/646bA75000b.geojson
"OpenIndexMap: Greece 1:100,000 (German)","665-b A-1:100,000 German","This is a digital index map to serve as a finding aid for Greece 1:100,000 (German)",ger,,American Geographical Society Library – UWM Libraries,Maps,Index Maps,,1929 to 1944,,1929|1931|1932|1933|1934|1935|1936|1938|1939|1940|1941|1942|1943|1944,,,"ENVELOPE(19.21667,26.71667,42,36)","ENVELOPE(19.21667,26.71667,42,36)","<a href=""https://uwm.edu/libraries/digital-collections/copyright-digcoll/"">Please see the UWM Libraries statement on Copyright and Digital Collections</a>.|Although this data is being distributed by the American Geographical Society Library at the University of Wisconsin-Milwaukee Libraries, no warranty expressed or implied is made by the University as to the accuracy of the data and related materials. The act of distribution shall not constitute any such warranty, and no responsibility is assumed by the University in the use of this data, or related materials.",Public,GeoJSON,https://geodiscovery.uwm.edu/catalog/665bA100000_german,https://raw.githubusercontent.com/OpenIndexMaps/edu.uwm/main/665bA100000_german.geojson,665bA100000_german,665bA100000_german.geojson,,2026-03-30T18:00:15Z,Aardvark,0,https://raw.githubusercontent.com/OpenIndexMaps/edu.uwm/main/665bA100000_german.geojson,https://github.com/OpenIndexMaps/edu.uwm/blob/main/665bA100000_german.geojson
"OpenIndexMap: Greece 1:100,000 (Greek)","665-b A-1:100,000 Greek","This is a digital index map to serve as a finding aid for Greece 1:100,000 (Greek)",gre,,American Geographical Society Library – UWM Libraries,Maps,Index Maps,,1920 to 1941,,1920|1926|1927|1928|1929|1931|1932|1933|1934|1935|1936|1938|1939|1941,,,"ENVELOPE(20.71667,26.71667,41.5,34.5)","ENVELOPE(20.71667,26.71667,41.5,34.5)","<a href=""https://uwm.edu/libraries/digital-collections/copyright-digcoll/"">Please see the UWM Libraries statement on Copyright and Digital Collections</a>.|Although this data is being distributed by the American Geographical Society Library at the University of Wisconsin-Milwaukee Libraries, no warranty expressed or implied is made by the University as to the accuracy of the data and related materials. The act of distribution shall not constitute any such warranty, and no responsibility is assumed by the University in the use of this data, or related materials.",Public,GeoJSON,https://geodiscovery.uwm.edu/catalog/665bA100000_greek,https://raw.githubusercontent.com/OpenIndexMaps/edu.uwm/main/665bA100000_greek.geojson,665bA100000_greek,665bA100000_greek.geojson,,2026-03-30T18:00:15Z,Aardvark,0,https://raw.githubusercontent.com/OpenIndexMaps/edu.uwm/main/665bA100000_greek.geojson,https://github.com/OpenIndexMaps/edu.uwm/blob/main/665bA100000_greek.geojson
"OpenIndexMap: Chartes ton nomon tes Hellados 1:200,000","665-b A-1:200,000","This is a digital index map to serve as a finding aid for Chartes ton nomon tes Hellados 1:200,000",gre,National Statistical Service of Greece,American Geographical Society Library – UWM Libraries,Maps,Index Maps,,1963 to 1972,,1963|1972,,,"ENVELOPE(19.31667,29.66667,41.8,34.7)","ENVELOPE(19.31667,29.66667,41.8,34.7)","<a href=""https://uwm.edu/libraries/digital-collections/copyright-digcoll/"">Please see the UWM Libraries statement on Copyright and Digital Collections</a>.|Although this data is being distributed by the American Geographical Society Library at the University of Wisconsin-Milwaukee Libraries, no warranty expressed or implied is made by the University as to the accuracy of the data and related materials. The act of distribution shall not constitute any such warranty, and no responsibility is assumed by the University in the use of this data, or related materials.",Public,GeoJSON,https://geodiscovery.uwm.edu/catalog/665bA200000,https://raw.githubusercontent.com/OpenIndexMaps/edu.uwm/main/665bA200000.geojson,665bA200000,665bA200000.geojson,,2026-03-30T18:00:15Z,Aardvark,0,https://raw.githubusercontent.com/OpenIndexMaps/edu.uwm/main/665bA200000.geojson,https://github.com/OpenIndexMaps/edu.uwm/blob/main/665bA200000.geojson
"OpenIndexMap: Greek Islands 1:25,000 (German)","665-b A-1:25,000","This is a digital index map to serve as a finding aid for Greek Islands 1:25,000 (German)",ger,,American Geographical Society Library – UWM Libraries,Maps,Index Maps,,1943,,1943,,,"ENVELOPE(25.18333,27.125,37.83333,36.21667)","ENVELOPE(25.18333,27.125,37.83333,36.21667)","<a href=""https://uwm.edu/libraries/digital-collections/copyright-digcoll/"">Please see the UWM Libraries statement on Copyright and Digital Collections</a>.|Although this data is being distributed by the American Geographical Society Library at the University of Wisconsin-Milwaukee Libraries, no warranty expressed or implied is made by the University as to the accuracy of the data and related materials. The act of distribution shall not constitute any such warranty, and no responsibility is assumed by the University in the use of this data, or related materials.",Public,GeoJSON,https://geodiscovery.uwm.edu/catalog/665bA25000,https://raw.githubusercontent.com/OpenIndexMaps/edu.uwm/main/665bA25000.geojson,665bA25000,665bA25000.geojson,,2026-03-30T18:00:15Z,Aardvark,0,https://raw.githubusercontent.com/OpenIndexMaps/edu.uwm/main/665bA25000.geojson,https://github.com/OpenIndexMaps/edu.uwm/blob/main/665bA25000.geojson
"OpenIndexMap: Greece 1:50,000 (German)","665-b A-1:50,000 German","This is a digital index map to serve as a finding aid for Greece 1:50,000 (German)",ger,,American Geographical Society Library – UWM Libraries,Maps,Index Maps,,1920 to 1944,,1920|1940|1943|1944,,,"ENVELOPE(21.05,24.71667,41.25,35.5)","ENVELOPE(21.05,24.71667,41.25,35.5)","<a href=""https://uwm.edu/libraries/digital-collections/copyright-digcoll/"">Please see the UWM Libraries statement on Copyright and Digital Collections</a>.|Although this data is being distributed by the American Geographical Society Library at the University of Wisconsin-Milwaukee Libraries, no warranty expressed or implied is made by the University as to the accuracy of the data and related materials. The act of distribution shall not constitute any such warranty, and no responsibility is assumed by the University in the use of this data, or related materials.",Public,GeoJSON,https://geodiscovery.uwm.edu/catalog/665ba50000_German,https://raw.githubusercontent.com/OpenIndexMaps/edu.uwm/main/665ba50000_German.geojson,665ba50000_German,665ba50000_German.geojson,,2026-03-30T18:00:15Z,Aardvark,0,https://raw.githubusercontent.com/OpenIndexMaps/edu.uwm/main/665ba50000_German.geojson,https://github.com/OpenIndexMaps/edu.uwm/blob/main/665ba50000_German.geojson
"OpenIndexMap: Greece 1:50,000 (Greek)","665-b A-1:50,000 Greek","This is a digital index map to serve as a finding aid for Greece 1:50,000 (Greek)",gre,,American Geographical Society Library – UWM Libraries,Maps,Index Maps,,1939 to 1941,,1939|1940|1941,,,"ENVELOPE(20.71667,24.71667,41,34.95)","ENVELOPE(20.71667,24.71667,41,34.95)","<a href=""https://uwm.edu/libraries/digital-collections/copyright-digcoll/"">Please see the UWM Libraries statement on Copyright and Digital Collections</a>.|Although this data is being distributed by the American Geographical Society Library at the University of Wisconsin-Milwaukee Libraries, no warranty expressed or implied is made by the University as to the accuracy of the data and related materials. The act of distribution shall not constitute any such warranty, and no responsibility is assumed by the University in the use of this data, or related materials.",Public,GeoJSON,https://geodiscovery.uwm.edu/catalog/665bA50000_greek,https://raw.githubusercontent.com/OpenIndexMaps/edu.uwm/main/665bA50000_greek.geojson,665bA50000_greek,665bA50000_greek.geojson,,2026-03-30T18:00:15Z,Aardvark,0,https://raw.githubusercontent.com/OpenIndexMaps/edu.uwm/main/665bA50000_greek.geojson,https://github.com/OpenIndexMaps/edu.uwm/blob/main/665bA50000_greek.geojson
"OpenIndexMap: Greece 1:75,000 (Greek)","665-b A-1:75,000","This is a digital index map to serve as a finding aid for Greece 1:75,000 (Greek)",gre,Grecian General Staff,American Geographical Society Library – UWM Libraries,Maps,Index Maps,,1908 to 1912,,1908|1909|1910|1911|1912,,,"ENVELOPE(21.21667,23.71667,41,38.5)","ENVELOPE(21.21667,23.71667,41,38.5)","<a href=""https://uwm.edu/libraries/digital-collections/copyright-digcoll/"">Please see the UWM Libraries statement on Copyright and Digital Collections</a>.|Although this data is being distributed by the American Geographical Society Library at the University of Wisconsin-Milwaukee Libraries, no warranty expressed or implied is made by the University as to the accuracy of the data and related materials. The act of distribution shall not constitute any such warranty, and no responsibility is assumed by the University in the use of this data, or related materials.",Public,GeoJSON,https://geodiscovery.uwm.edu/catalog/665bA75000,https://raw.githubusercontent.com/OpenIndexMaps/edu.uwm/main/665bA75000.geojson,665bA75000,665bA75000.geojson,,2026-03-30T18:00:15Z,Aardvark,0,https://raw.githubusercontent.com/OpenIndexMaps/edu.uwm/main/665bA75000.geojson,https://github.com/OpenIndexMaps/edu.uwm/blob/main/665bA75000.geojson
"OpenIndexMap: Karte des westlichen Russlands 1:100,000","685-b A-1:100,000","This is a digital index map to serve as a finding aid for Karte des westlichen Russlands 1:100,000",ger,Prussian State Survey,American Geographical Society Library – UWM Libraries,Maps,Index Maps,,1885 to 1919,,1885|1912|1913|1914|1916|1917|1918|1919,,,"ENVELOPE(17.83333,27.33333,59.5,50)","ENVELOPE(17.83333,27.33333,59.5,50)","<a href=""https://uwm.edu/libraries/digital-collections/copyright-digcoll/"">Please see the UWM Libraries statement on Copyright and Digital Collections</a>.|Although this data is being distributed by the American Geographical Society Library at the University of Wisconsin-Milwaukee Libraries, no warranty expressed or implied is made by the University as to the accuracy of the data and related materials. The act of distribution shall not constitute any such warranty, and no responsibility is assumed by the University in the use of this data, or related materials.",Public,GeoJSON,https://geodiscovery.uwm.edu/catalog/685bA100000,https://raw.githubusercontent.com/OpenIndexMaps/edu.uwm/main/685bA100000.geojson,685bA100000,685bA100000.geojson,,2026-03-30T18:00:15Z,Aardvark,0,https://raw.githubusercontent.com/OpenIndexMaps/edu.uwm/main/685bA100000.geojson,https://github.com/OpenIndexMaps/edu.uwm/blob/main/685bA100000.geojson
"OpenIndexMap: California Desert National Conservation Area Access Guide 1:100,000","813-c/b .D47 A-1:100,000",This is a digital index map to serve as a finding aid for Desert access guide. California Desert National Conservation Area edited and published by the Bureau of Land Management.,eng,United States. Bureau of Land Management,American Geographical Society Library – UWM Libraries,Maps,Index Maps,,1986 to 1992,,1986|1988|1989|1992,,,"ENVELOPE(-118.5,-114.1,37.68333,32.56667)","ENVELOPE(-118.5,-114.1,37.68333,32.56667)","<a href=""https://uwm.edu/libraries/digital-collections/copyright-digcoll/"">Please see the UWM Libraries statement on Copyright and Digital Collections</a>.|Although this data is being distributed by the American Geographical Society Library at the University of Wisconsin-Milwaukee Libraries, no warranty expressed or implied is made by the University as to the accuracy of the data and related materials. The act of distribution shall not constitute any such warranty, and no responsibility is assumed by the University in the use of this data, or related materials.",Public,GeoJSON,https://geodiscovery.uwm.edu/catalog/813cb_d47A100000,https://raw.githubusercontent.com/OpenIndexMaps/edu.uwm/main/813cb_d47A100000.geojson,813cb_d47A100000,813cb_d47A100000.geojson,,2026-03-30T18:00:15Z,Aardvark,0,https://raw.githubusercontent.com/OpenIndexMaps/edu.uwm/main/813cb_d47A100000.geojson,https://github.com/OpenIndexMaps/edu.uwm/blob/main/813cb_d47A100000.geojson
"OpenIndexMap: Tennessee Geological Maps 1:24,000","881-b G-1:24,000 GM","This is a digital index map to serve as a finding aid for Tennessee Geological Maps 1:24,000",eng,Tennessee Division of Geology,American Geographical Society Library – UWM Libraries,Maps,Index Maps,,1962 to 2001,,1962|1963|1964|1965|1966|1967|1968|1969|1970|1971|1972|1973|1974|1975|1976|1978|1979|1981|1982|1983|1984|1985|1986|1987|1988|1989|1990|1991|1992|1993|1994|1995|1996|1998|2000|2001,,,"ENVELOPE(-90.3,-82.5,36.75,34.98333)","ENVELOPE(-90.3,-82.5,36.75,34.98333)","<a href=""https://uwm.edu/libraries/digital-collections/copyright-digcoll/"">Please see the UWM Libraries statement on Copyright and Digital Collections</a>.|Although this data is being distributed by the American Geographical Society Library at the University of Wisconsin-Milwaukee Libraries, no warranty expressed or implied is made by the University as to the accuracy of the data and related materials. The act of distribution shall not constitute any such warranty, and no responsibility is assumed by the University in the use of this data, or related materials.",Public,GeoJSON,https://geodiscovery.uwm.edu/catalog/881bG24000_GM,https://raw.githubusercontent.com/OpenIndexMaps/edu.uwm/main/881bG24000_GM.geojson,881bG24000_GM,881bG24000_GM.geojson,,2026-03-30T18:00:15Z,Aardvark,0,https://raw.githubusercontent.com/OpenIndexMaps/edu.uwm/main/881bG24000_GM.geojson,https://github.com/OpenIndexMaps/edu.uwm/blob/main/881bG24000_GM.geojson
